"nm_id ","imt_id ","title ","subject_name ","brand ","vendor_code ","updated_at ","sid ","buyout_percent ","image_url ","image ","nm_id__subject_name ","cabinet ","spp ","tags ","search_perc "
"291309584","900724314","Светодиодные лед лампы H1 LED для авто","Лампы автомобильные","Eleforce","1051_H1smart","02.06.2026","e806dcb7-f70c-4392-af6f-a4d622534953","84,20%","https://basket-18.wbbasket.ru/vol2913/part291309/291309584/images/c246x328/1.webp","","291309584 - 1051_H1smart","ИП Беспалько М. М.","0,39","",""
"495306951","628722626","Светодиодные автомобильные лед лампы h4 led лампочки h4","Лампы автомобильные","Eleforce","1047_H4premium_analog","06.06.2026","e806dcb7-f70c-4392-af6f-a4d622534953","78,60%","https://basket-27.wbbasket.ru/vol4953/part495306/495306951/images/c246x328/1.webp","","495306951 - 1047_H4premium_analog","ИП Беспалько М. М.","0,42","",""
"495307071","900724314","Светодиодные лед лампы H7 LED лампочки h7для авто","Лампы автомобильные","Eleforce","1046_H7premium_analog","02.06.2026","e806dcb7-f70c-4392-af6f-a4d622534953","","https://basket-27.wbbasket.ru/vol4953/part495307/495307071/images/c246x328/1.webp","","495307071 - 1046_H7premium_analog","ИП Беспалько М. М.","","","0,57"
"608526752","626608537","Соковыжималка шнековая мощная электрическая","Соковыжималки электрические","Eleforce","1056_Eleborg SJ-01-A_new","30.06.2026","e806dcb7-f70c-4392-af6f-a4d622534953","81,90%","https://basket-30.wbbasket.ru/vol6085/part608526/608526752/images/c246x328/1.webp","","608526752 - 1056_Eleborg SJ-01-A_new","ИП Беспалько М. М.","0,27","","0,61"
"678390737","2360213450","Соковыжималка электрическая центробежная","Соковыжималки электрические","Eleforce","1057_соковыж_центр","03.06.2026","e806dcb7-f70c-4392-af6f-a4d622534953","","https://basket-33.wbbasket.ru/vol6783/part678390/678390737/images/c246x328/1.webp","","678390737 - 1057_соковыж_центр","ИП Беспалько М. М.","","",""
"718415270","628722626","Лед лампы H4 с линзой автомобильные bi-led со шторкой","Лампы автомобильные","Eleforce","1059_H4Gold","02.06.2026","e806dcb7-f70c-4392-af6f-a4d622534953","82,10%","https://basket-34.wbbasket.ru/vol7184/part718415/718415270/images/c246x328/1.webp","","718415270 - 1059_H4Gold","ИП Беспалько М. М.","0,44","","0,48"
"737732125","626608537","Соковыжималка шнековая электрическая мощная","Соковыжималки электрические","Eleforce","1060_Eleforce SJ-10_new","30.06.2026","e806dcb7-f70c-4392-af6f-a4d622534953","84,40%","https://basket-35.wbbasket.ru/vol7377/part737732/737732125/images/c246x328/1.webp","","737732125 - 1060_Eleforce SJ-10_new","ИП Беспалько М. М.","0,18","",""
"790976796","633708784","Отпугиватель кротов ультразвуковой на солнечных батареях","Отпугиватели и ловушки садовые","Eleforce","1065_отпуг_6шт","14.04.2026","e806dcb7-f70c-4392-af6f-a4d622534953","95,70%","https://basket-36.wbbasket.ru/vol7909/part790976/790976796/images/c246x328/1.webp","","790976796 - 1065_отпуг_6шт","ИП Беспалько М. М.","0,39","","0,42"
"809188998","633708784","Отпугиватель кротов ультразвуковой на солнечных батареях","Отпугиватели и ловушки садовые","Eleforce","1062_отпуг_ромб","14.04.2026","e806dcb7-f70c-4392-af6f-a4d622534953","92,80%","https://basket-37.wbbasket.ru/vol8091/part809188/809188998/images/c246x328/1.webp","","809188998 - 1062_отпуг_ромб","ИП Беспалько М. М.","0,37","","0,56"
"809200437","633708784","Отпугиватель кротов ультразвуковой на солнечных батареях","Отпугиватели и ловушки садовые","Eleforce","1063_отпуг_2шт","14.04.2026","e806dcb7-f70c-4392-af6f-a4d622534953","92,50%","https://basket-37.wbbasket.ru/vol8092/part809200/809200437/images/c246x328/1.webp","","809200437 - 1063_отпуг_2шт","ИП Беспалько М. М.","0,39","","0,39"
"809204609","633708784","Отпугиватель кротов ультразвуковой на солнечных батареях","Отпугиватели и ловушки садовые","Eleforce","1064_отпуг_4шт","29.04.2026","e806dcb7-f70c-4392-af6f-a4d622534953","93,00%","https://basket-37.wbbasket.ru/vol8092/part809204/809204609/images/c246x328/1.webp","","809204609 - 1064_отпуг_4шт","ИП Беспалько М. М.","0,385","","47,00%"
"825055913","628722626","Светодиодные лед лампы H4 LED для авто","Лампы автомобильные","Eleforce","1066_Н4хвост","02.06.2026","e806dcb7-f70c-4392-af6f-a4d622534953","91,50%","https://basket-37.wbbasket.ru/vol8250/part825055/825055913/images/c246x328/1.webp","","825055913 - 1066_Н4хвост","ИП Беспалько М. М.","0,45","",""
"825057573","628722626","Светодиодные лед лампы H7 LED для авто","Лампы автомобильные","Eleforce","1067_Н7хвост","02.06.2026","e806dcb7-f70c-4392-af6f-a4d622534953","88,80%","https://basket-37.wbbasket.ru/vol8250/part825057/825057573/images/c246x328/1.webp","","825057573 - 1067_Н7хвост","ИП Беспалько М. М.","0,4175","",""
"852679064","723692551","Беспроводной адаптер 2в1 Carplay Android Auto","FM-трансмиттеры","","1070_кожа_адаптер","09.06.2026","e806dcb7-f70c-4392-af6f-a4d622534953","80,30%","https://basket-38.wbbasket.ru/vol8526/part852679/852679064/images/c246x328/1.webp","","852679064 - 1070_кожа_адаптер","ИП Беспалько М. М.","0,424","",""
"868533173","628722626","Светодиодные лед лампы H1 LED для авто","Лампы автомобильные","Eleforce","1071_Н1хвост","02.06.2026","e806dcb7-f70c-4392-af6f-a4d622534953","86,40%","https://basket-38.wbbasket.ru/vol8685/part868533/868533173/images/c246x328/1.webp","","868533173 - 1071_Н1хвост","ИП Беспалько М. М.","0,402","",""
"876229054","628722626","Светодиодные лед лампы H7 LED лампочки h7для авто","Лампы автомобильные","Eleforce","1072_Н7_прем","02.06.2026","e806dcb7-f70c-4392-af6f-a4d622534953","75,00%","https://basket-39.wbbasket.ru/vol8762/part876229/876229054/images/c246x328/1.webp","","876229054 - 1072_Н7_прем","ИП Беспалько М. М.","0,416","",""
"961215652","633708784","Отпугиватель кротов ультразвуковой на солнечных батареях","Отпугиватели и ловушки садовые","Eleforce","1073_отпуг_8шт","18.04.2026","e806dcb7-f70c-4392-af6f-a4d622534953","94,80%","https://basket-41.wbbasket.ru/vol9612/part961215/961215652/images/c246x328/1.webp","","961215652 - 1073_отпуг_8шт","ИП Беспалько М. М.","0,35","",""
"977724714","706795104","Колонный вентилятор напольный с охлаждением мощный","Вентиляторы","Eleforce","1074_вентилятор_рынок_86см","10.06.2026","e806dcb7-f70c-4392-af6f-a4d622534953","85,60%","https://basket-41.wbbasket.ru/vol9777/part977724/977724714/images/c246x328/1.webp","","977724714 - 1074_вентилятор_рынок_86см","ИП Беспалько М. М.","0,25","",""
"1000761784","706795104","Колонный вентилятор напольный с охлаждением мощный","Вентиляторы","Eleforce","1075_вентилятор_белый","10.06.2026","e806dcb7-f70c-4392-af6f-a4d622534953","85,70%","https://basket-41.wbbasket.ru/vol10007/part1000761/1000761784/images/c246x328/1.webp","","1000761784 - 1075_вентилятор_белый","ИП Беспалько М. М.","0,27","",""
"1000761785","706795104","Колонный вентилятор напольный с охлаждением мощный","Вентиляторы","Eleforce","1076_вентилятор_черный","10.06.2026","e806dcb7-f70c-4392-af6f-a4d622534953","83,50%","https://basket-41.wbbasket.ru/vol10007/part1000761/1000761785/images/c246x328/1.webp","","1000761785 - 1076_вентилятор_черный","ИП Беспалько М. М.","0,23","",""
"1047404714","706795104","Колонный вентилятор напольный с охлаждением мощный","Вентиляторы","Eleforce","1077_вентилятор_рынок_106см","10.06.2026","e806dcb7-f70c-4392-af6f-a4d622534953","84,60%","https://basket-42.wbbasket.ru/vol10474/part1047404/1047404714/images/c246x328/1.webp","","1047404714 - 1077_вентилятор_рынок_106см","ИП Беспалько М. М.","0,22","",""